﻿{
   "CodeGenerationMode": 5,
   "ContextClassName": "k2fl_bdContext",
   "ContextNamespace": null,
   "FilterSchemas": false,
   "IncludeConnectionString": true,
   "ModelNamespace": null,
   "OutputContextPath": null,
   "OutputPath": "Models",
   "PreserveCasingWithRegex": true,
   "ProjectRootNamespace": "wfa_scolaireDepart",
   "Schemas": null,
   "SelectedHandlebarsLanguage": 2,
   "SelectedToBeGenerated": 0,
   "T4TemplatePath": null,
   "Tables": [
      {
         "Name": "[dbo].[tbl_cours]",
         "ObjectType": 0
      },
      {
         "Name": "[dbo].[tbl_etudiant]",
         "ObjectType": 0
      },
      {
         "Name": "[dbo].[tbl_inscription]",
         "ObjectType": 0
      },
      {
         "Name": "[dbo].[tbl_offreCours]",
         "ObjectType": 0
      },
      {
         "Name": "[dbo].[tbl_prealable]",
         "ObjectType": 0
      },
      {
         "Name": "[dbo].[tbl_session]",
         "ObjectType": 0
      },
      {
         "Name": "[dbo].[ListerResultatEtudiant]",
         "ObjectType": 1
      },
      {
         "Name": "[dbo].[nombreCoursSession]",
         "ObjectType": 1
      },
      {
         "Name": "[dbo].[nombreCoursSessionOutput]",
         "ObjectType": 1
      }
   ],
   "UiHint": null,
   "UncountableWords": null,
   "UseAsyncStoredProcedureCalls": true,
   "UseBoolPropertiesWithoutDefaultSql": false,
   "UseDatabaseNames": false,
   "UseDatabaseNamesForRoutines": true,
   "UseDateOnlyTimeOnly": true,
   "UseDbContextSplitting": false,
   "UseDecimalDataAnnotationForSprocResult": true,
   "UseFluentApiOnly": false,
   "UseHandleBars": false,
   "UseHierarchyId": false,
   "UseInflector": true,
   "UseInternalAccessModifiersForSprocsAndFunctions": false,
   "UseLegacyPluralizer": false,
   "UseManyToManyEntity": false,
   "UseNoDefaultConstructor": false,
   "UseNoNavigations": false,
   "UseNoObjectFilter": false,
   "UseNodaTime": false,
   "UseNullableReferences": false,
   "UsePrefixNavigationNaming": false,
   "UseSchemaFolders": false,
   "UseSchemaNamespaces": false,
   "UseSpatial": false,
   "UseT4": false,
   "UseT4Split": false
}